model,fid_score
face,353.3123474121094
GQA,324.1208801269531
merged,308.2460632324219
vanila,294.881103515625
