model,kid_score
face,0.01639861799776554
GQA,0.037725623697042465
merged,0.013249400071799755
vanila,0.025067351758480072
